#{"t_start": 1605828607.9232032, "env_id": "ChromeDinoHandrafted_accl-v0"}
r,l,t
-9.62,25,20.468085
-9.64,25,25.130529
0.68,28,29.922585
-9.27,29,35.348302
1.02,32,42.002291
-8.84,33,49.010617
2.11,43,55.847037
-9.19,30,60.508389
-9.04,31,65.20623
-9.06,31,69.939853
-9.01,31,74.650706
1.51,37,80.362483
-6.93,54,88.26775
1.39,36,93.770887
-8.99,32,98.539877
1.47,37,104.341048
-6.52,59,113.37588
1.67,39,119.063887
1.04,32,123.805137
-8.34,38,129.478664
-7.65,46,136.675777
0.85,30,141.453026
-9.04,31,146.156181
2.74,50,154.142336
-9.17,30,158.834901
1.15,33,163.634099
-8.22,40,169.402292
1.66,39,175.205761
1.05,32,180.104181
-8.32,39,185.826135
-8.97,32,190.620191
-7.76,44,196.643891
2.34,45,203.113524
-8.95,32,207.932606
1.71,39,213.639643
-8.24,39,219.286345
-8.95,32,224.072831
1.14,33,228.853147
2.48,47,235.468647
1.65,39,241.162868
1.51,37,246.714997
-8.96,32,251.430282
-8.19,40,258.491475
-9.56,26,263.147668
-8.47,37,269.498402
1.31,35,275.368957
0.62,28,280.233452
1.24,34,286.039547
-8.29,39,292.67974
-9.72,24,297.27881
0.69,28,302.108726
-9.46,27,306.8618
-9.46,27,311.535257
3.09,54,320.446941
-7.39,49,328.274434
0.71,29,332.992263
0.79,30,337.769743
1.04,32,342.506394
-7.32,50,350.321079
0.81,30,355.025552
1.72,40,361.443308
1.29,35,366.90248
0.92,31,371.644953
-8.05,42,378.212818
0.83,30,383.061668
0.93,31,387.811643
1.06,32,392.657303
-9.06,31,397.418577
1.06,32,402.26507
0.82,30,406.933717
1.09,32,411.690073
-8.46,37,417.535347
0.71,29,422.31315
2.56,48,430.252129
-8.67,35,436.046975
1.36,36,441.758363
-9.16,30,446.450099
0.65,28,451.10516
-8.18,41,457.975873
1.84,41,464.64763
1.31,35,470.412961
0.73,29,475.220916
0.6,28,479.884587
1.15,34,485.803008
2.09,45,493.936694
0.48,27,498.636039
-9.45,27,503.284866
-9.39,28,508.051802
-7.56,48,516.521546
-8.35,39,523.533881
0.37,26,528.288843
2.19,45,536.380869
-8.05,43,544.198181
1.13,34,550.03532
1.41,37,556.647592
0.48,27,561.47114
0.69,29,566.317025
1.05,33,572.021134
0.6,28,576.846388
1.15,34,582.620219
1.07,33,588.260193
-9.49,27,592.913332
2.67,51,601.859196
-8.99,33,607.598179
-9.47,27,612.361127
0.61,28,617.09952
0.35,26,621.768201
-7.77,46,629.92126
0.48,27,634.662231
-8.85,34,640.531063
-8.54,37,647.061059
-8.99,33,652.842237
-8.96,33,658.558446
1.77,41,665.677223
0.42,26,670.417111
3.06,55,680.035463
1.2,35,686.316375
-9.51,27,691.018356
-9.4,28,695.786246
0.38,26,700.497756
-8.97,33,706.302455
-9.48,27,710.948417
1.91,42,718.236504
1.05,33,723.851251
0.87,31,729.37925
-9.38,28,734.144014
0.93,32,739.963708
-8.78,34,745.78635
0.72,29,750.527012
1.52,38,757.161289
2.81,52,766.024425
0.51,27,770.804328
-7.64,47,778.92839
0.81,30,783.813375
1.35,36,789.856093
-8.74,35,795.634068
1.3,35,801.505351
-9.4,28,806.247871
-9.32,29,810.913171
-8.49,38,817.556226
0.71,29,822.400223
0.8,30,827.332521
0.67,29,832.108562
1.1,32,836.925387
0.99,32,841.809414
1.42,36,847.598473
0.91,31,852.393371
0.79,30,857.16748
-9.34,28,861.868007
0.91,31,866.603076
1.09,32,871.321421
1.52,37,876.977906
1.06,32,881.766712
0.92,31,886.517224
1.0,32,891.43888
-8.89,32,896.102843
1.57,38,901.853822
-9.04,31,906.514495
0.99,32,911.383397
3.94,63,921.291819
0.93,31,926.125762
1.02,32,930.913372
-8.65,36,936.437281
-7.28,50,943.943395
1.75,40,950.277613
3.58,60,960.333509
1.95,42,966.835539
0.64,28,971.5594
2.22,45,978.975613
0.79,29,983.704434
2.12,44,990.619371
-8.6,36,996.305203
-6.94,54,1005.103647
-9.16,30,1009.8204
0.85,30,1014.635091
-9.23,29,1019.338452
0.62,28,1024.075027
-7.11,52,1032.406167
0.97,31,1037.171053
-8.59,36,1042.945553
0.87,31,1047.757382
1.04,32,1052.582681
1.89,41,1059.043385
-8.14,41,1065.827938
1.26,35,1071.531996
1.45,36,1077.273467
-8.59,36,1083.093238
2.02,43,1090.155724
0.94,31,1094.891659
0.87,30,1099.674826
-7.24,50,1107.227414
0.95,31,1111.930433
-9.18,30,1116.633459
1.46,37,1122.496001
-8.73,35,1128.328542
1.15,34,1134.078512
0.75,29,1138.769571
-9.34,28,1143.411714
0.95,31,1148.228741
0.93,31,1152.994633
-6.57,58,1162.165458
0.95,31,1166.980689
-8.74,35,1172.618531
4.17,66,1183.554541
1.64,39,1190.054017
2.3,46,1197.423002
1.59,38,1203.195261
0.8,30,1208.057564
-9.18,30,1212.880781
0.64,28,1217.530374
2.74,51,1225.682699
0.71,29,1230.424586
2.96,53,1239.20371
-9.38,28,1243.853912
0.83,30,1248.588808
0.82,30,1253.390856
3.26,56,1261.964266
-8.27,40,1268.365576
-9.04,31,1273.016829
-8.31,39,1279.035954
2.21,45,1286.174117
0.76,29,1290.866132
1.98,42,1297.388144
0.93,31,1302.124619
3.4,58,1310.973183
1.7,39,1316.603822
1.17,33,1321.339805
1.44,37,1327.111514
2.69,50,1334.955852
-9.01,31,1339.710253
-8.41,38,1345.957958
0.97,31,1350.710825
1.01,32,1355.567634
1.34,36,1361.252635
-8.06,42,1367.771654
-8.46,37,1373.715892
1.54,38,1380.132251
0.95,31,1386.967177
-8.15,41,1395.507688
0.08,22,1401.727035
-9.91,22,1406.389666
-7.55,47,1415.874372
0.72,29,1421.669498
-9.61,25,1426.335273
1.57,37,1432.177619
-9.14,30,1436.840612
1.12,32,1441.660789
-6.71,56,1450.496212
-8.42,37,1456.455395
-8.64,35,1461.219941
1.84,40,1467.054593
-8.99,31,1471.82416
-6.8,55,1481.264516
1.87,41,1488.631609
-7.7,45,1496.053423
-9.3,28,1500.724538
0.97,31,1505.451697
1.17,33,1510.258716
1.11,32,1514.997827
-9.18,29,1519.75384
-9.46,27,1524.479271
-8.88,32,1529.129755
1.6,38,1534.69637
-8.46,37,1540.633609
-9.52,26,1545.342082
0.67,28,1550.090415
0.6,27,1554.928406
1.51,37,1560.744344
1.25,34,1566.499329
0.78,29,1571.223938
-9.51,26,1575.884281
1.86,41,1583.305717
1.09,32,1588.078761
1.37,36,1594.273224
-7.64,46,1601.542365
-8.45,37,1607.130313
2.31,45,1613.733563
1.06,32,1618.459476
-8.83,33,1623.220912
1.84,40,1628.869154
-8.73,34,1633.587594
2.35,46,1640.120862
4.7,70,1650.240001
1.97,41,1656.000107
2.79,50,1663.246913
1.21,33,1668.031735
1.32,34,1672.775842
1.32,34,1677.488369
4.58,68,1686.821029
1.51,36,1691.59258
1.4,35,1696.361906
-7.46,47,1702.804156
1.51,36,1707.626214
1.31,34,1712.327804
1.38,35,1717.203994
1.42,35,1722.023339
2.35,45,1728.358954
1.43,35,1733.049384
-5.9,64,1741.937233
1.75,38,1746.811988
-6.82,54,1754.325048
1.73,38,1759.130711
-8.48,36,1763.834106
-8.49,36,1768.551063
-8.5,36,1773.293095
5.42,78,1784.571973
2.3,44,1790.324069
1.68,38,1795.767952
1.52,36,1800.535659
7.02,94,1813.349871
1.55,36,1818.139257
5.35,77,1829.372186
-8.6,35,1834.069323
2.67,48,1840.586475
-8.76,33,1845.32322
-8.7,34,1850.034319
1.19,33,1854.70212
4.01,63,1863.710178
1.26,34,1868.512812
1.13,32,1873.303047
1.96,41,1878.985077
1.08,32,1883.678437
1.55,37,1889.270048
1.18,33,1893.994942
1.17,33,1898.793396
1.5,36,1903.666579
1.39,35,1908.499249
4.25,65,1917.33195
2.66,48,1923.870695
1.38,35,1928.612034
1.88,40,1934.107264
1.17,33,1938.884656
1.51,36,1943.667775
3.38,56,1951.123997
2.13,43,1956.764017
-8.59,35,1961.51561
1.5,36,1966.301537
-8.33,37,1970.947267
-8.82,33,1975.657099
1.66,38,1981.146469
1.5,36,1985.93333
1.51,36,1990.651092
1.39,35,1995.392291
2.82,50,2001.731752
-7.74,45,2008.163226
2.38,45,2014.174294
1.73,38,2018.935439
1.62,37,2023.635696
4.53,67,2032.705235
2.44,46,2038.794339
2.09,42,2044.34021
1.62,37,2049.127687
1.3,34,2053.980811
1.72,38,2058.814292
3.31,55,2065.935608
2.54,47,2072.113401
-6.24,60,2080.449591
1.72,38,2085.250662
1.69,38,2090.084364
2.45,46,2096.313419
-8.25,38,2100.98441
1.98,41,2106.512157
2.61,47,2112.341841
2.92,51,2118.807546
2.09,42,2124.533023
6.25,86,2136.691019
3.16,53,2144.246837
2.76,49,2150.698434
1.63,37,2155.49039
1.62,37,2160.305109
1.63,37,2165.071231
-7.02,51,2171.56556
2.51,46,2177.6059
1.83,39,2183.27938
1.63,37,2187.99522
1.64,37,2192.744821
3.41,56,2200.189635
6.17,85,2211.436881
3.53,57,2218.981264
1.7,38,2224.490493
2.21,43,2230.328296
-6.44,57,2237.67264
4.6,68,2246.417661
2.19,43,2252.022439
1.83,39,2256.917195
1.63,37,2261.653469
1.52,36,2266.463034
2.56,47,2272.389678
1.85,39,2277.193327
-7.39,47,2282.974418
-8.45,36,2287.651096
1.73,38,2292.454017
5.39,77,2302.551448
-7.46,46,2308.157999
1.75,38,2312.96824
2.39,45,2319.055762
1.72,38,2323.890047
2.19,43,2329.466871
2.6,47,2335.234618
1.84,39,2340.040181
3.42,56,2347.321581
4.62,69,2356.834449
2.3,44,2362.974678
5.32,76,2372.534594
1.85,39,2377.318629
2.05,41,2382.109227
4.62,68,2391.001405
1.55,36,2395.84272
1.75,38,2400.622608
2.0,41,2406.499726
6.12,84,2418.273579
3.57,57,2425.328473
2.8,49,2431.747231
-5.6,66,2440.546339
3.48,56,2447.974306
1.75,38,2452.834896
4.33,65,2461.514771
-7.6,45,2467.169632
1.84,39,2472.025918
1.45,35,2476.79709
-5.36,68,2485.728643
5.99,82,2496.278682
4.08,62,2504.403041
6.9,92,2516.563993
2.1,42,2522.212268
3.23,53,2528.652225
7.56,99,2541.366275
3.3,54,2548.493373
-8.12,39,2553.190569
-7.02,51,2559.993608
4.73,69,2568.456171
15.54,182,2592.803436
2.12,42,2598.575577
5.28,75,2607.88734
5.68,79,2617.799846
4.87,71,2626.836666
9.21,116,2642.110637
7.73,100,2655.466763
-8.04,40,2660.264956
7.1,94,2672.716982
1.48,139,2691.523129
5.78,80,2702.15259
6.79,90,2714.122354
-3.71,85,2724.742842
5.62,78,2735.009769
7.79,101,2748.107196
-4.76,74,2757.580602
6.76,90,2769.45299
2.32,44,2775.013871
6.63,89,2786.525948
6.41,87,2797.422821
-4.6,76,2806.796731
7.83,101,2819.786858
5.99,82,2830.175779
7.15,94,2842.360005
3.11,154,2861.670521
8.01,102,2874.574103
7.95,102,2887.902765
15.84,183,2910.972721
-1.35,109,2925.206081
9.34,117,2940.706488
7.23,95,2952.989356
7.45,97,2965.345755
-4.0,82,2975.985173
-5.54,66,2984.53222
1.76,38,2989.360718
-6.42,57,2996.545712
3.77,59,3004.390944
6.33,86,3016.014327
7.14,94,3028.184909
4.81,70,3036.84232
7.25,95,3049.085266
0.13,125,3065.343844
6.65,89,3076.724061
9.63,120,3092.18437
18.09,207,3120.019927
4.11,63,3128.801787
7.77,101,3141.632978
7.55,98,3154.492566
11.31,240,3186.276107
6.74,90,3198.381158
14.71,172,3220.152291
-8.31,37,3224.859082
6.14,83,3235.41112
8.11,104,3248.719505
-8.31,37,3253.378706
8.23,105,3266.408458
2.36,44,3272.296124
3.92,165,3293.807494
5.98,82,3304.95332
6.71,90,3316.980792
10.66,131,3334.070191
6.49,87,3345.618426
6.3,85,3357.006545
10.38,128,3373.638904
8.17,105,3387.857862
5.95,82,3398.810515
13.4,159,3420.286539
6.86,91,3431.653436
2.92,154,3452.222628
6.98,92,3464.256576
2.17,146,3484.082834
6.87,91,3496.137161
5.96,82,3506.727903
17.11,197,3532.70283
9.82,122,3548.797835
0.95,133,3566.106588
5.92,81,3576.744992
2.98,51,3583.858203
8.75,111,3597.82228
9.28,116,3612.809532
8.56,108,3626.357144
14.12,268,3660.583598
-3.0,92,3672.445593
2.07,144,3690.544364
-7.75,43,3696.107166
4.53,169,3717.482997
8.45,107,3731.72535
8.43,107,3745.520664
4.46,66,3754.222034
8.72,110,3768.654734
8.16,104,3781.853813
7.11,93,3793.746402
4.29,64,3802.054861
8.44,107,3816.203878
5.03,72,3825.813995
12.61,151,3845.284062
11.99,144,3864.047319
6.02,82,3874.589212
6.61,88,3885.38173
20.07,228,3915.55964
7.51,97,3927.933019
8.82,111,3942.07542
6.14,83,3952.736059
7.61,98,3965.362739
6.69,89,3976.631131
6.61,88,3987.673974
6.52,87,3998.404991
3.58,57,4005.5384
6.1,83,4016.13045
7.26,95,4028.169486
22.58,251,4059.72431
8.25,105,4073.210196
17.36,198,4098.33184
6.42,86,4108.982035
3.88,60,4117.138823
6.09,82,4127.48879
7.41,96,4139.466864
5.95,81,4149.667781
7.71,99,4161.818388
1.75,38,4166.680698
3.85,162,4186.721561
2.06,144,4204.86054
-6.97,51,4211.611848
1.72,141,4230.280912
6.92,91,4241.601832
14.82,174,4264.686764
6.8,90,4275.955896
6.35,86,4287.24019
6.61,88,4298.193786
6.32,85,4308.824324
5.6,78,4319.037779
5.21,176,4340.984494
6.73,89,4351.807167
6.9,91,4363.239697
-8.01,40,4367.888513
5.76,79,4377.746578
3.32,54,4384.609041
7.7,202,4410.342003
6.54,190,4433.99851
20.33,229,4462.727826
7.32,96,4475.354988
2.54,46,4481.125343
6.05,82,4491.52399
-8.2,38,4496.21901
7.26,95,4508.072206
6.81,90,4519.844826
8.95,112,4534.215059
6.49,87,4545.265177
23.61,263,4579.073182
5.67,79,4589.163171
15.76,183,4613.024798
9.36,116,4627.961749
6.34,85,4638.766833
-3.79,84,4649.216123
7.62,99,4662.037463
7.24,95,4674.504217
10.17,228,4704.003298
-6.92,52,4711.014468
6.26,85,4721.941571
6.3,86,4733.51964
7.36,96,4745.925182
7.74,100,4759.29296
-8.41,36,4763.940795
6.15,83,4774.610225
6.95,91,4785.965178
5.88,81,4796.498445
11.34,137,4813.909686
10.12,124,4829.816421
4.86,174,4852.10336
6.88,91,4864.089882
19.11,217,4892.631605
9.32,116,4907.638082
10.94,133,4924.987221
8.79,111,4939.151672
4.67,68,4947.844978
14.35,167,4969.275444
8.54,108,4982.631161
7.63,99,4995.346767
10.61,130,5012.808329
7.22,94,5024.927617
6.09,83,5035.509406
8.04,103,5048.619503
6.17,84,5059.591194
5.67,79,5070.417634
2.96,50,5076.546401
9.33,117,5091.785479
7.32,95,5103.727442
6.37,87,5115.818575
4.32,65,5124.300443
6.23,85,5135.570627
-8.61,34,5140.221269
11.88,143,5159.556835
1.85,39,5164.402148
6.23,84,5175.425609
6.97,92,5187.104391
8.93,113,5201.662256
7.51,98,5214.343669
6.4,86,5225.33848
7.53,98,5238.403048
6.15,84,5249.559726
13.93,164,5270.508166
8.23,105,5284.225976
9.75,120,5299.325037
12.52,149,5319.021729
-4.11,81,5329.165517
11.77,141,5347.172068
5.7,79,5357.430039
11.74,142,5375.995049
8.04,103,5389.564344
14.46,169,5411.083642
5.8,80,5421.300498
2.57,150,5440.905731
7.53,98,5453.144788
11.72,140,5470.580464
7.61,99,5483.436297
5.93,81,5494.251791
14.03,164,5514.883229
6.78,90,5526.667766
5.39,76,5536.734804
8.43,108,5550.671272
2.3,146,5569.130691
3.03,51,5575.705626
18.62,211,5602.559908
6.67,88,5612.864055
9.94,122,5628.098876
9.2,114,5641.730012
4.91,70,5650.597965
12.99,153,5669.684552
6.41,86,5680.088086
7.49,199,5704.45646
7.93,102,5717.559218
4.06,164,5737.931673
15.7,181,5760.976992
3.92,60,5768.50755
7.97,102,5781.013438
8.43,107,5794.575293
7.04,92,5806.004424
8.94,112,5819.806675
6.81,90,5830.811366
3.98,61,5838.609301
-4.24,79,5848.575262
10.99,133,5865.180895
-6.96,51,5871.238929
7.5,97,5883.548919
4.42,168,5904.908453
8.72,109,5918.229325
1.17,135,5935.620816
6.32,85,5946.781436
7.4,96,5958.649781
9.84,121,5973.491614
13.74,161,5994.201956
11.67,140,6011.702787
2.05,41,6016.525977
13.88,162,6036.719698
9.85,121,6051.848899
7.84,100,6063.902431
8.07,103,6076.983237
8.37,106,6090.115999
16.59,189,6113.616048
1.69,37,6118.371567
-7.53,45,6123.941069
12.77,151,6142.654297
7.49,97,6154.764701
2.35,44,6160.322825
8.43,106,6173.659226
17.2,298,6211.134958
2.45,148,6229.915485
6.44,86,6240.329591
1.34,136,6257.8378
9.46,117,6272.149161
7.31,95,6284.034367
7.56,98,6296.590388
5.79,80,6306.901176
9.55,118,6322.125879
8.32,106,6335.749253
10.12,124,6351.925292
3.3,54,6359.191588
0.98,133,6376.233434
7.76,100,6389.084717
7.93,102,6402.639132
6.72,90,6414.055422
9.71,121,6429.918434
6.85,193,6454.621396
16.15,186,6478.50528
-8.31,37,6483.170351
3.62,160,6504.206467
9.6,119,6519.05442
1.69,37,6523.808546
9.14,114,6539.267045
25.53,284,6575.906034
1.02,134,6594.059157
3.72,162,6614.9276
6.92,91,6626.57061
3.11,52,6633.180457
2.1,145,6652.280775
19.84,223,6680.10972
9.32,116,6694.852771
11.63,140,6712.386375
8.48,108,6726.459778
7.86,101,6739.057589
14.17,166,6760.376755
8.86,111,6774.742201
9.39,117,6790.142685
3.53,56,6797.166605
4.23,166,6818.348701
2.88,152,6837.409087
-8.31,37,6842.073673
8.15,104,6855.189594
7.8,100,6868.324852
6.34,85,6878.881662
6.52,87,6889.819735
6.61,88,6900.718835
-5.31,68,6909.220972
3.04,51,6915.329918
9.73,223,6943.181806
-7.05,50,6949.488878
6.98,92,6961.603836
1.97,143,6979.634026
6.12,83,6989.901669
15.88,183,7013.550294
10.01,123,7028.926002
7.89,101,7041.772962
9.91,122,7057.645826
2.81,151,7076.158918
12.18,145,7094.244795
-8.21,38,7098.93558
12.85,152,7118.106064
7.87,101,7131.065975
13.06,154,7150.60249
12.45,148,7169.34107
4.47,169,7191.348042
10.23,125,7206.883985
9.62,223,7235.637228
6.53,87,7246.772743
6.98,92,7258.416678
6.81,90,7269.889004
11.44,138,7287.578985
1.73,141,7305.745581
17.93,205,7332.377138
10.24,126,7348.626936
12.57,149,7367.529161
-7.25,48,7374.038947
7.94,205,7400.524967
8.29,106,7414.232855
2.15,42,7419.98299
1.64,140,7437.732765
6.03,82,7447.978968
6.2,84,7458.622544
-6.02,61,7466.643445
5.05,175,7488.500238
7.76,100,7501.042843
7.69,99,7513.668266
5.57,77,7522.810847
2.15,42,7528.0877
6.21,84,7538.845082
8.7,109,7552.838301
4.01,61,7560.493771
11.24,135,7577.025667
7.13,93,7588.47252
9.26,115,7603.280276
10.64,130,7619.777515
-6.2,59,7626.811761
6.95,194,7651.413764
10.52,230,7679.84864
2.53,46,7685.545104
7.83,100,7698.104895
8.84,110,7711.588666
1.74,140,7729.113061
9.03,113,7743.541586
9.06,113,7757.405256
7.73,99,7769.806195
10.56,128,7786.338456
11.3,136,7802.727584
4.87,70,7811.945869
-6.34,57,7818.89949
-4.21,79,7829.178354
8.32,105,7842.054343
8.91,111,7855.589248
5.63,78,7865.455234
10.57,129,7881.977872
6.05,82,7892.359564
21.69,241,7921.842737
2.06,41,7926.619552
8.21,104,7938.91346
9.06,113,7953.24336
7.36,95,7965.242487
6.52,87,7976.181465
6.45,86,7986.661229
4.99,71,7995.29101
9.16,114,8009.952594
10.09,124,8025.617264
6.72,89,8036.518516
8.17,104,8049.806698
7.53,97,8061.857243
1.52,139,8079.77508
-7.44,46,8085.352209
10.98,132,8101.937535
1.96,142,8119.153502
25.39,280,8153.321697
6.47,86,8163.714546
6.41,86,8174.178893
-4.61,75,8183.876055
-0.64,116,8198.974767
1.71,141,8216.884711
4.2,166,8238.372071
3.19,155,8257.764324
10.83,131,8274.520669
-8.11,39,8279.159565
1.87,142,8298.163578
10.37,127,8314.302704
2.33,44,8319.943282
11.41,138,8338.019368
3.78,59,8345.751176
7.45,97,8358.110666
8.81,111,8372.535545
-6.4,57,8379.714282
8.42,107,8393.632659
2.86,152,8412.542911
5.71,79,8423.562005
6.59,88,8434.739232
9.0,113,8449.055557
9.35,117,8464.388045
12.93,153,8484.15592
8.21,105,8497.584904
15.71,183,8521.692919
9.27,116,8536.450305
7.66,99,8549.099035
1.43,139,8567.881028
7.8,101,8580.86788
9.84,122,8596.816908
6.3,85,8608.126016
8.46,108,8622.347111
5.79,80,8633.09403
-7.15,49,8638.780747
1.66,141,8658.096136
-5.42,67,8666.42997
9.33,118,8682.259165
2.17,146,8701.18396
-5.56,66,8710.131318
7.87,102,8723.661874
8.96,113,8738.363169
9.83,122,8754.519126
6.17,84,8765.64212
16.47,192,8791.226339
6.45,87,8802.77623
6.66,89,8814.261977
7.84,101,8827.36812
5.37,76,8837.836169
-6.43,57,8845.226135
7.1,94,8857.567054
8.01,103,8871.100867
2.42,148,8890.273699
8.76,111,8905.14257
2.52,46,8910.99568
21.75,244,8942.530611
-5.35,68,8951.311301
4.64,171,8974.111246
14.91,174,8996.617227
5.39,76,9006.870191
6.17,84,9017.92805
6.69,89,9029.899957
5.24,74,9039.606343
6.21,84,9050.661296
9.83,122,9066.93944
7.17,94,9079.620405
8.9,112,9094.506268
11.65,141,9113.554265
6.05,83,9124.494738
3.5,56,9131.60342
1.04,135,9150.19919
15.26,178,9173.811438
6.08,83,9184.855439
7.52,98,9197.470146
16.23,188,9223.310386
11.25,137,9241.921648
1.59,36,9246.665533
21.77,246,9278.996926
7.76,101,9292.518584
1.66,141,9311.461434
-6.8,53,9318.543562
12.45,149,9338.380774
5.39,76,9348.929592
1.93,144,9368.755534
9.02,114,9384.21897
6.85,91,9396.032809
5.84,81,9407.47396
8.54,109,9422.524199
7.07,93,9434.801585
-4.53,77,9444.891742
-3.75,85,9456.632014
14.4,170,9479.662494
18.97,217,9508.72766
6.56,88,9520.646471
9.37,117,9536.334838
0.43,128,9553.81297
13.08,155,9573.677732
20.37,230,9603.738142
4.54,67,9612.384488
0.7,131,9630.006537
18.58,212,9657.743226
16.23,187,9681.631813
14.01,165,9702.751208
14.94,173,9724.492627
6.03,82,9734.649526
9.71,120,9749.877734
8.55,108,9763.499588
15.33,177,9786.072192
7.02,92,9797.42105
16.3,188,9821.672355
1.95,142,9839.329283
-8.0,40,9843.995952
14.56,272,9878.172122
3.65,160,9898.396636
20.89,234,9927.635888
8.18,104,9940.55065
9.25,115,9954.926496
10.01,123,9970.216718
6.44,86,9981.154963
8.49,107,9994.759148
19.29,218,10022.547013
13.48,159,10043.002861
4.66,68,10051.616559
9.64,119,10067.002127
1.6,139,10084.826171
8.66,109,10099.073899
14.37,168,10120.939571
15.12,176,10143.698958
8.33,106,10157.381773
5.97,82,10168.386708
13.01,257,10201.892084
10.29,126,10218.071958
4.17,63,10226.049869
17.16,196,10251.239823
10.25,126,10268.046215
14.62,170,10289.85139
18.63,211,10316.770861
8.27,105,10329.82618
8.44,107,10343.216299
16.02,185,10367.70673
12.53,149,10386.559649
10.23,125,10402.561545
12.76,152,10421.869766
9.29,116,10437.013931
24.02,267,10471.041339
20.04,226,10499.848983
3.29,156,10519.97053
8.44,107,10533.469644
7.37,96,10546.863461
12.52,149,10565.672405
6.1,83,10576.516405
10.49,128,10592.553627
17.38,199,10618.307445
9.01,113,10632.872217
11.48,138,10650.541213
11.75,141,10669.054928
19.19,217,10696.527399
14.2,165,10717.524524
-5.33,68,10726.318142
6.21,84,10737.103565
5.99,82,10747.716253
12.67,151,10767.160691
-5.93,62,10775.306133
11.09,134,10792.669622
3.44,159,10813.82141
10.79,132,10830.963687
5.47,180,10855.237518
8.74,111,10870.038717
5.97,82,10880.769844
11.85,143,10899.304683
22.04,248,10932.306146
15.67,182,10956.426811
13.87,164,10978.680921
4.41,66,10987.546619
-5.34,68,10996.90046
12.47,149,11016.507073
6.75,90,11028.736821
7.2,95,11041.588815
6.78,91,11053.598828
20.22,229,11083.768774
8.91,112,11099.093087
-5.97,62,11107.207766
7.96,103,11121.123861
8.57,109,11135.866813
5.52,77,11145.969908
5.38,76,11156.306899
14.79,174,11180.337388
7.0,93,11193.258041
4.17,63,11201.230002
16.4,190,11226.77669
4.49,67,11235.899542
13.74,163,11257.665822
7.97,103,11271.536662
5.47,77,11282.302424
9.95,123,11300.381146
5.1,73,11311.279868
8.17,106,11326.754373
4.24,64,11335.220913
8.07,104,11348.917368
5.68,79,11359.432611
6.51,88,11371.527173
6.07,83,11382.769302
8.25,106,11397.076144
5.37,76,11407.38424
7.94,103,11422.130342
7.02,93,11434.748479
7.35,97,11448.176075
-6.02,61,11455.975885
13.39,159,11477.507373
1.24,137,11495.839407
6.17,84,11507.425516
5.54,77,11517.365045
19.19,219,11547.649627
-7.37,47,11553.95834
6.24,85,11565.907251
-8.25,38,11571.242254
6.66,89,11583.55778
5.17,74,11593.325972
5.01,72,11603.517704
17.4,201,11631.775372
8.16,105,11645.843136
7.3,96,11658.432793
18.84,215,11687.162137
7.71,100,11700.307623
0.7,131,11718.488439
1.46,35,11723.242439
14.51,170,11746.181894
14.99,175,11770.232323
7.28,96,11783.489654
5.53,181,11808.218989
1.9,143,11827.546198
5.67,79,11837.778531
-7.27,48,11844.199834
-2.99,92,11856.752531
25.06,279,11893.065312
15.2,177,11916.564228
12.85,153,11936.440123
-6.33,58,11944.216518
0.89,133,11961.218896
2.5,149,11980.686178
9.29,116,11995.820782
2.07,145,12015.28339
11.92,144,12034.179343
10.2,126,12050.878093
15.67,182,12074.602154
2.77,152,12095.12619
7.53,98,12108.137434
2.23,43,12113.875383
18.48,210,12141.387092
10.15,125,12158.086536
8.4,107,12172.038607
-7.74,43,12177.589537
1.66,37,12182.429736
6.97,92,12194.268273
5.63,78,12204.275651
11.87,142,12222.450583
10.08,227,12252.248524
4.08,62,12260.442794
15.58,180,12284.42205
14.38,271,12319.516619
4.57,170,12341.581769
7.57,98,12354.300584
5.68,79,12364.296668
26.82,295,12401.925824
5.44,179,12424.548696
8.56,108,12438.069762
6.12,83,12448.595874
10.45,127,12464.301393
1.6,139,12481.59781
8.0,204,12506.927326
18.59,210,12533.231484
7.68,99,12545.626928
7.51,97,12557.78277
17.71,202,12583.186072
8.72,109,12596.754824
6.3,85,12607.662945
6.98,92,12618.900974
14.27,269,12652.94246
8.02,103,12665.91295
5.71,182,12688.887927
1.77,38,12693.737973
7.83,100,12706.661991
10.14,124,12721.967065
7.55,97,12734.455756
2.59,149,12753.602451
-8.21,38,12758.268922
1.65,140,12775.992963
22.14,248,12807.564005
14.41,271,12843.118722
6.01,82,12853.427612
8.56,108,12867.13274
0.97,133,12884.587042
17.99,205,12910.525563
18.86,214,12938.386955
2.05,144,12956.476642
4.74,171,12978.152901
8.51,108,12992.139896
21.55,242,13023.210405
21.72,244,13054.07204
6.03,82,13064.877143
20.65,232,13094.230029
3.9,60,13101.682085
19.22,320,13143.310252
23.05,256,13175.936177
8.56,108,13189.452937
16.99,195,13214.491498
6.23,84,13224.99324
7.89,101,13237.480757
15.27,178,13260.763562
27.7,305,13299.725372
9.51,118,13314.780849
5.15,73,13324.098243
2.12,145,13343.056053
4.89,173,13364.797872
2.53,46,13370.44677
3.29,54,13376.916289
9.48,118,13392.313231
1.94,143,13410.366321
6.98,92,13422.196425
6.67,89,13433.291265
25.39,280,13468.554392
7.32,95,13480.568457
2.71,48,13487.222359
-4.65,75,13496.40945
8.71,212,13523.120583
9.5,118,13538.54634
9.44,117,13553.174414
6.38,85,13563.699628
-6.15,59,13571.016105
9.48,118,13586.247601
-5.8,63,13595.824153
2.33,147,13615.822784
1.76,38,13620.614719
6.22,84,13631.024527
8.31,105,13643.698532
11.99,143,13662.795061
21.53,242,13694.167732
-8.2,38,13698.913635
27.13,300,13738.684333
-6.98,51,13745.153439
16.36,292,13784.592284
6.23,85,13797.125807
-9.21,28,13801.815643
-7.32,48,13809.761947
8.62,109,13825.37213
0.66,130,13843.057518
1.18,32,13847.909494
12.56,150,13869.280771
3.07,156,13890.518475
-1.57,107,13905.42354
8.32,106,13920.234663
21.88,245,13955.239495
0.12,124,13971.980843
-4.96,72,13981.794714
6.04,83,13993.383659
2.64,47,13999.87018
5.13,73,14010.156593
2.97,51,14017.520367
7.08,93,14030.714217
22.97,257,14065.366382
0.46,128,14082.855046
5.31,75,14093.513076
6.36,86,14105.359966
4.19,167,14128.065538
14.07,165,14152.305775
-7.74,43,14157.848684
6.09,83,14169.564992
8.92,112,14185.089006
-5.62,65,14194.05881
2.45,149,14216.077329
2.01,41,14222.008391
7.04,93,14234.809493
5.42,179,14259.576091
7.88,102,14275.088614
1.24,33,14280.583138
-5.11,71,14291.601306
6.57,89,14305.941094
8.38,107,14321.394861
6.95,92,14334.248844
4.88,174,14357.287625
-8.74,33,14362.558421
21.07,238,14396.521591
7.9,102,14411.012604
5.84,80,14421.98748
9.46,119,14438.444891
11.67,244,14473.451789
7.37,96,14487.114243
-0.12,122,14504.325465
10.66,235,14537.959207
5.44,76,14548.484622
5.3,75,14559.038512
9.42,220,14589.367089
7.06,93,14602.072321
12.7,150,14622.032765
12.22,146,14642.192943
-8.41,36,14646.839908
-4.02,81,14658.093069
-7.36,47,14664.631412
5.75,79,14674.936784
14.04,266,14711.153472
20.98,235,14742.876128
20.09,226,14773.002568
15.94,184,14798.142979
21.4,241,14832.027421
0.17,124,14849.607028
6.94,92,14862.319077
2.33,147,14882.81495
6.71,89,14894.769022
2.71,48,14901.272351
7.77,204,14930.354998
6.25,85,14942.091827
12.32,250,14976.091248
6.29,85,14987.793297
-3.72,85,14999.232661
21.11,239,15032.78363
3.75,59,15041.088845
9.41,117,15057.078591
11.59,139,15075.331668
7.43,97,15088.89372
7.52,97,15101.973444
10.53,128,15118.790646
17.82,204,15146.876737
25.42,281,15184.938379
5.67,79,15195.687516
12.73,151,15215.924746
5.51,77,15226.586268
13.84,162,15249.055547
32.44,355,15298.711689
6.52,87,15310.596929
7.94,102,15325.100357
28.65,315,15368.727108
7.18,94,15381.26486
8.27,105,15395.167662
2.53,46,15401.701773
8.85,111,15416.890213
3.1,155,15438.636208
-5.26,69,15448.285904
20.82,234,15480.180233
9.73,120,15496.586784
19.24,218,15526.405217
11.03,134,15544.419969
6.69,89,15557.13209
-1.84,104,15570.448778
1.53,139,15588.921073
13.49,160,15610.484423
-7.95,41,15615.76854
7.27,95,15628.68497
6.0,82,15639.483143
11.52,138,15657.938275
8.85,112,15673.051096
7.3,95,15685.63138
7.92,102,15699.465786
1.26,136,15718.08241
5.41,76,15728.581256
7.18,95,15741.71903
-3.14,90,15753.75417
1.19,135,15772.059098
6.81,90,15784.223981
16.87,194,15811.331096
19.73,225,15841.6321
7.85,101,15855.635687
14.66,170,15878.875204
7.11,94,15892.364352
1.46,35,15897.088155
1.47,35,15901.86107
3.49,159,15923.636539
2.81,49,15930.713367
7.59,99,15943.915695
15.23,177,15967.971745
18.8,214,15997.25942
-4.63,75,16007.488097
-8.14,39,16012.785479
12.32,147,16032.512092
-0.02,123,16049.288497
8.11,104,16063.734099
-1.89,103,16077.760423
-0.51,118,16094.261015
21.02,238,16127.962967
5.12,73,16138.399331
11.46,138,16157.782359
9.24,116,16173.498628
8.09,104,16188.476243
1.98,144,16207.928834
-0.08,123,16225.449668
9.44,117,16242.252096
7.23,95,16257.03309
4.95,72,16267.480557
2.02,41,16274.193075
6.29,85,16286.336513
5.67,79,16297.847722
18.3,210,16326.942662
20.73,339,16374.025033
0.38,128,16392.572342
1.85,39,16397.396839
9.89,123,16414.835992
23.02,257,16449.993976
-2.82,94,16463.130432
8.06,104,16478.323178
14.88,174,16502.211092
6.61,89,16514.378434
3.7,162,16535.959732
5.36,76,16546.303775
17.77,204,16573.672281
25.36,283,16612.836856
2.44,45,16619.543606
5.95,186,16644.89236
15.76,183,16670.17849
8.16,105,16684.864693
6.08,83,16695.932974
4.63,68,16705.066297
13.49,159,16727.029966
6.86,91,16739.236345
10.4,128,16757.192931
-6.5,56,16764.926042
-8.41,36,16769.57729
7.12,94,16782.453168
17.92,205,16810.456344
11.37,138,16829.878466
19.97,226,16861.403106
6.11,83,16872.153302
6.94,92,16885.360793
6.2,84,16897.926043
9.32,116,16914.271061
6.71,193,16941.90071
-5.67,65,16951.667177
11.19,136,16970.768548
9.97,123,16988.724907
13.35,157,17010.024345
20.78,234,17042.022301
7.93,102,17055.92505
3.59,160,17077.752934
11.79,141,17097.317025
6.65,89,17109.374976
20.38,230,17141.530385
6.9,91,17153.818646
36.35,396,17208.472948
10.4,128,17226.434309
7.4,97,17240.297307
10.56,130,17259.104785
-7.28,48,17265.471277
7.06,94,17279.096267
3.49,160,17301.362699
7.17,94,17313.374978
15.2,281,17352.895437
5.13,177,17378.661497
6.48,87,17391.889557
8.38,107,17406.740433
7.56,99,17420.77299
18.61,212,17449.12296
2.61,47,17455.923772
12.47,149,17473.61794
3.38,158,17496.524316
7.33,96,17510.263476
7.92,102,17524.086942
9.99,123,17540.894379
1.08,135,17559.388998
0.19,125,17576.397938
5.44,76,17586.759606
14.18,166,17609.10629
9.61,119,17625.957236
6.05,82,17637.766799
29.26,322,17682.299652
6.21,84,17693.799605
11.12,135,17713.429653
4.37,65,17721.891026
11.37,138,17740.254417
21.16,343,17788.273646
5.76,79,17798.623844
6.62,88,17810.181236
2.03,41,17815.943991
14.55,170,17838.77274
1.68,140,17857.313987
15.13,176,17880.42556
9.29,115,17896.304806
-6.82,53,17903.591698
25.61,284,17942.162593
5.87,183,17966.290686
7.72,99,17978.813764
25.45,281,18014.681857
10.69,130,18031.356717
6.02,82,18042.147809
27.1,299,18080.527836
33.13,361,18127.416741
10.98,133,18146.007854
1.77,38,18150.806286
9.22,115,18166.751228
11.72,141,18185.344855
10.2,125,18201.338012
-6.12,60,18208.999106
13.72,265,18244.767874
8.31,105,18258.345854
2.58,149,18277.798792
10.02,124,18293.360445
8.67,109,18306.934129
8.28,105,18320.697405
-0.74,116,18335.443506
11.15,134,18352.076558
18.69,212,18379.137348
14.37,271,18413.914991
6.42,86,18424.758162
9.66,119,18439.457317
6.85,90,18451.377928
13.42,260,18485.754029
15.37,178,18511.15015
8.27,105,18525.60856
5.94,81,18536.388219
6.62,88,18547.539196
5.02,72,18557.084459
13.6,160,18577.850677
6.4,87,18589.14881
6.11,83,18600.199024
12.62,150,18620.173488
1.15,135,18638.438488
29.71,328,18682.642411
9.55,119,18698.549224
9.08,113,18712.689538
6.47,87,18723.917305
16.89,194,18749.61011
26.06,291,18788.382039
12.31,250,18822.296384
1.65,141,18841.714603
12.61,149,18861.074371
-6.5,56,18867.920047
6.64,88,18879.273263
5.0,72,18888.518629
8.15,104,18901.718428
-7.75,43,18907.023302
6.72,89,18918.469408
10.55,128,18934.790598
24.5,271,18969.272865
5.93,81,18979.754662
18.2,310,19019.384473
7.5,97,19031.419762
17.06,196,19056.839721
1.24,136,19074.788789
7.27,95,19086.791024
5.92,81,19097.513021
20.82,235,19127.651583
-5.43,67,19136.443917
5.64,78,19146.663415
7.63,202,19173.187213
9.3,116,19188.525838
7.37,96,19201.225433
7.11,93,19213.345216
6.2,84,19224.103456
22.72,255,19257.211607
10.21,126,19273.394311
9.75,120,19288.147611
6.33,85,19299.201982
10.92,132,19315.424479
19.12,217,19343.051537
12.64,150,19363.030576
4.97,174,19387.214497
4.36,65,19396.439669
6.8,90,19408.735927
16.08,186,19435.354721
28.33,312,19479.614716
9.45,117,19496.08081
5.9,81,19507.09973
6.77,89,19519.92551
0.92,132,19538.477185
-7.94,41,19544.142581
11.42,137,19563.334817
9.14,114,19579.480224
1.57,139,19598.983373
0.3,126,19617.3074
5.38,76,19628.370857
1.81,142,19649.164809
-3.27,89,19662.158421
5.7,79,19673.919795
0.51,128,19692.484369
0.13,125,19710.644963
7.8,102,19726.487149
11.18,135,19745.884604
18.96,217,19778.17896
18.32,210,19809.64813
14.18,270,19849.429165
12.91,154,19872.430008
13.91,164,19896.150179
24.4,273,19936.451769
7.36,96,19950.408
21.6,242,19985.343429
5.43,76,19996.442172
7.68,202,20025.443103
5.71,79,20036.747681
10.89,235,20071.199369
11.02,133,20089.99607
-8.41,36,20094.65514
4.91,71,20105.113349
7.55,97,20118.745628
7.76,100,20133.296309
8.42,107,20148.72284
23.78,265,20185.913417
8.08,103,20200.224043
9.81,120,20217.047244
1.59,36,20221.821949
28.6,313,20264.614274
16.75,192,20291.389343
-4.63,75,20301.457651
7.3,95,20314.098127
20.58,231,20346.352429
17.0,195,20373.047709
11.75,243,20406.88264
5.77,79,20417.728508
6.6,88,20429.975024
7.09,93,20442.823379
0.67,129,20460.312839
12.87,152,20481.652322
12.18,145,20502.229321
8.51,107,20516.907824
-5.46,66,20525.866348
26.46,395,20580.330505
18.44,209,20609.37554
9.15,114,20625.211308
7.95,101,20639.044885
18.48,209,20667.782764
-8.71,33,20672.473517
1.12,135,20691.617179
22.61,252,20727.093158
21.31,239,20760.187206
2.84,49,20767.002772
9.26,115,20783.356967
13.3,260,20820.669722
15.54,181,20846.9456
11.21,136,20866.980764
7.63,201,20895.742777
6.57,88,20908.259947
10.85,132,20926.789225
-6.68,54,20934.455034
0.77,131,20953.126361
2.14,42,20958.573248
7.59,98,20972.755887
3.39,55,20980.397666
8.07,103,20994.953764
3.76,161,21017.320281
18.4,209,21046.413378
2.16,145,21066.419873
2.04,41,21072.306767
6.45,86,21084.149252
18.18,207,21113.419329
18.7,316,21158.96096
3.82,60,21168.1365
6.36,86,21180.642901
24.31,271,21219.704939
2.5,148,21240.968872
21.46,242,21276.470156
9.1,114,21292.825119
13.42,159,21315.900347
6.5,87,21328.633578
26.5,292,21371.212078
15.92,185,21398.4911
4.92,71,21408.812495
1.52,139,21429.106243
25.76,286,21469.445356
6.22,187,21496.409491
43.72,473,21562.036428
3.61,57,21569.427486
20.31,230,21600.499577
8.19,105,21614.713933
5.68,79,21626.167417
3.79,59,21634.338316
5.77,80,21645.559911
9.19,115,21661.623199
23.96,268,21698.664672
-0.33,120,21715.873499
5.2,74,21726.197245
9.14,115,21742.25245
5.57,78,21752.827842
0.5,129,21770.997339
6.67,89,21782.983251
0.18,125,21799.933906
6.94,92,21812.709066
6.03,82,21823.694336
11.25,136,21843.273407
9.93,123,21861.655775
5.95,184,21886.867073
6.18,84,21897.850467
10.01,123,21914.565458
17.13,196,21941.118666
17.47,200,21968.047579
6.26,85,21979.392702
24.54,273,22016.613895
6.73,192,22043.020988
-4.27,80,22053.70581
18.02,206,22081.274865
11.2,135,22099.544019
6.55,88,22110.928424
10.42,127,22127.764575
16.11,187,22153.639738
5.86,81,22164.149605
9.52,118,22179.99972
19.39,221,22210.666434
5.85,81,22222.387689
20.39,231,22255.703041
8.02,103,22270.177083
5.85,80,22281.44857
1.18,136,22300.759524
13.02,155,22322.477485
2.63,151,22344.678544
5.62,78,22356.437685
33.69,369,22407.348371
9.41,117,22423.711278
5.9,81,22434.892887
10.98,133,22452.430521
7.11,93,22464.801233
7.85,101,22478.947896
28.2,312,22522.660838
3.21,53,22530.227849
11.05,135,22549.021762
13.97,165,22571.244079
6.59,88,22582.915914
20.62,232,22613.703449
16.6,191,22639.824949
25.29,281,22678.160919
2.81,49,22684.77455
15.83,183,22709.100087
0.4,127,22726.529511
10.86,132,22744.275564
13.3,259,22779.642067
-1.48,108,22794.39741
10.11,124,22810.834899
16.77,193,22836.427228
20.14,227,22867.275049
10.18,125,22883.681534
5.03,174,22905.890516
11.51,138,22924.014297
0.67,130,22941.064262
9.22,115,22956.954869
7.56,98,22970.804677
17.14,197,22998.785337
-7.83,42,23004.379621
17.83,205,23032.796787
10.49,128,23050.275326
3.91,60,23057.922798
11.28,136,23075.882459
24.46,273,23114.6434
26.57,296,23155.984262
20.97,238,23190.077285
14.45,170,23213.709946
11.6,140,23233.9936
2.59,151,23255.872116
0.27,127,23273.855942
-3.56,86,23286.157603
23.62,264,23323.491762
3.28,54,23331.287998
17.43,200,23357.97834
5.91,81,23368.861912
5.38,76,23379.246982
17.44,201,23407.004684
14.47,170,23430.13552
1.67,141,23449.692356
6.46,87,23461.944749
14.36,168,23485.823777
21.86,352,23535.622062
8.78,111,23551.1822
33.97,374,23604.322988
26.32,293,23645.995796
6.17,84,23657.566242
3.22,53,23664.465791
2.44,45,23670.419738
32.4,357,23719.928076
6.93,92,23733.004716
10.45,129,23751.882077
5.46,77,23763.06719
4.69,69,23773.332459
7.65,100,23787.67818
19.78,225,23818.743977
6.82,91,23832.061942
5.64,78,23842.907154
-6.99,51,23850.128388
9.95,123,23868.239385
20.99,237,23900.280328
29.49,325,23946.156903
31.07,341,23993.592163
7.15,94,24006.042114
11.47,138,24024.6362
14.98,175,24048.668728
7.61,99,24062.997758
9.65,222,24092.898509
-0.85,114,24107.609776
6.34,86,24118.775983
5.92,81,24129.61992
3.63,161,24151.060268
12.31,147,24170.599845
0.78,132,24188.857175
15.68,183,24214.382269
8.76,111,24229.960758
5.29,75,24240.615266
3.19,53,24247.927825
5.13,73,24257.988734
7.36,96,24271.029665
6.94,92,24282.813338
-4.76,74,24293.082318
28.99,321,24339.537473
39.66,430,24399.249677
21.64,243,24431.902967
3.19,156,24453.256238
29.61,326,24497.959036
2.23,145,24517.255951
11.75,141,24536.858883
4.83,70,24546.176738
9.51,118,24561.669268
54.76,693,24657.10198
6.8,90,24669.539311
20.05,227,24700.546406
27.2,301,24741.845663
2.11,145,24762.173064
4.62,68,24771.960215
9.15,114,24787.127969
27.08,300,24829.035599
8.46,107,24844.415302
8.36,106,24859.219843
-5.69,64,24867.775134
1.5,138,24886.529023
9.7,120,24902.755546
10.21,229,24933.981091
0.71,131,24953.70241
9.47,118,24969.656823
-1.23,110,24984.737595
8.21,105,24999.788043
7.92,102,25014.245868
4.71,69,25024.621732
15.54,181,25050.400236
7.04,93,25063.479862
9.14,115,25080.110379
8.9,112,25095.75938
7.95,102,25109.995225
8.64,109,25124.799815
-3.67,85,25136.432949
5.99,82,25147.60981
6.51,87,25159.263773
30.12,331,25204.842764
8.92,112,25219.92301
8.51,210,25248.023177
13.74,161,25269.953995
44.29,586,25352.387486
17.44,199,25379.305016
6.22,187,25404.961623
7.28,197,25431.812861
21.98,246,25464.834322
9.09,114,25480.513076
21.32,240,25513.364384
8.73,110,25528.292212
6.56,88,25540.361269
8.34,106,25554.893904
2.25,146,25574.630475
7.1,93,25587.158167
15.49,180,25611.8911
3.54,159,25633.953221
16.7,193,25661.201694
15.32,177,25684.240613
3.8,59,25692.02629
7.96,102,25705.243283
-1.53,107,25719.086419
12.69,150,25738.686194
11.53,241,25771.473183
2.87,153,25793.054929
8.86,111,25808.469641
24.92,276,25845.792342
23.45,262,25881.741315
1.08,134,25899.736222
9.74,121,25916.333914
10.31,126,25934.717879
20.68,234,25967.103211
35.45,386,26020.100308
2.4,147,26039.998772
7.76,100,26053.293383
-2.28,100,26067.338647
9.56,119,26083.607107
5.96,81,26093.941617
6.67,88,26105.163439
10.55,128,26121.679293
32.82,358,26171.70279
6.81,90,26183.801578
32.98,360,26234.714233
19.18,217,26264.934913
10.37,127,26282.423455
17.17,198,26310.858186
25.95,288,26353.02985
55.04,698,26453.248821
26.95,299,26494.306913
1.28,137,26514.718025
25.17,280,26554.094367
7.08,93,26566.567272
-4.84,73,26577.182554
6.08,83,26589.030696
9.12,114,26605.380299
0.08,124,26623.646662
11.91,142,26644.119375
-6.69,54,26651.52127
14.42,169,26674.67199
27.66,306,26716.912822
-2.29,99,26730.100002
-8.41,36,26734.744803
8.02,102,26747.286077
29.33,324,26791.312961
6.22,84,26802.474412
5.03,72,26811.747068
12.07,145,26831.767944
9.76,121,26847.096043
9.87,121,26862.768651
25.87,391,26917.331593
22.73,256,26952.890888
6.1,83,26964.749844
6.32,86,26977.051191
9.09,114,26992.477934
4.52,67,27001.364146
12.95,154,27022.733769
